{"cameraMode":{"drawMode":0,"name":"Shaded","section":"Shading Mode"},"sceneLighting":false,"audioPlay":false,"sceneViewState":{"m_AlwaysRefresh":false,"showFog":true,"showSkybox":false,"showFlares":true,"showImageEffects":true,"showParticleSystems":true,"showVisualEffectGraphs":true,"m_FxEnabled":true},"in2DMode":false,"pivot":{"x":-1.0299103260040284,"y":5.1615190505981449,"z":0.2878909111022949},"rotation":{"x":0.01918020099401474,"y":-0.030893249437212945,"z":-0.0005919191753491759,"w":-0.9993486404418945},"size":18.10670280456543,"orthographic":false}