{"cameraMode":{"drawMode":0,"name":"Shaded","section":"Shading Mode"},"sceneLighting":true,"audioPlay":false,"sceneViewState":{"m_AlwaysRefresh":false,"showFog":true,"showSkybox":true,"showFlares":true,"showImageEffects":true,"showParticleSystems":true,"showVisualEffectGraphs":true,"m_FxEnabled":true},"in2DMode":false,"pivot":{"x":-4.758492469787598,"y":2.5109457969665529,"z":-13.467840194702149},"rotation":{"x":0.008755940943956375,"y":0.9875906705856323,"z":-0.14502942562103272,"w":0.059624187648296359},"size":32.69865798950195,"orthographic":false}